{
  "Period A": {
    "v4": {
      "signals": 101,
      "win_rate": 0.39603960396039606,
      "avg_return": -0.01858870447145779,
      "sharpe": -2.3292165387705053,
      "max_dd": -88.12904485615454,
      "cagr": -75.49663672032902,
      "sortino": -1.772588263206727
    },
    "v5": {
      "signals": 38,
      "win_rate": 0.42105263157894735,
      "avg_return": -0.025045259191414607,
      "sharpe": -2.0780733499413984,
      "max_dd": -64.47907955722411,
      "cagr": -50.678197608280826,
      "sortino": -1.2289685225770657
    }
  },
  "Period B": {
    "v4": {
      "signals": 343,
      "win_rate": 0.7521865889212828,
      "avg_return": 0.020687472467235603,
      "sharpe": 2.2642479022350748,
      "max_dd": -54.67637644605252,
      "cagr": 72336.48932073236,
      "sortino": 8.181110951637049
    },
    "v5": {
      "signals": 90,
      "win_rate": 0.6888888888888889,
      "avg_return": 0.0069978772999055895,
      "sharpe": 0.8737429075819291,
      "max_dd": -64.42825568089806,
      "cagr": 50.12411211665262,
      "sortino": 0.7233686689380906
    }
  },
  "Period C": {
    "v4": {
      "signals": 126,
      "win_rate": 0.6031746031746031,
      "avg_return": 0.005613310523799171,
      "sharpe": 1.1976546971162936,
      "max_dd": -31.8047485797843,
      "cagr": 87.86264042279892,
      "sortino": 1.3536390509166791
    },
    "v5": {
      "signals": 49,
      "win_rate": 0.7551020408163265,
      "avg_return": 0.023472931511899567,
      "sharpe": 2.5410920563939445,
      "max_dd": -19.7262819499552,
      "cagr": 264.04575165625374,
      "sortino": 2.7955224597793373
    }
  }
}