{
  "bootstrap": {
    "Sharpe": {
      "mean": 4.6688818498780496,
      "lower": 0.7547965847014372,
      "upper": 9.537669456140389,
      "std": 2.2135674328377055
    },
    "胜率": {
      "mean": 0.6960569620253165,
      "lower": 0.5949367088607594,
      "upper": 0.7974683544303798,
      "std": 0.05278703779107718
    },
    "均收益": {
      "mean": 0.015332207915891807,
      "lower": 0.002943857742004649,
      "upper": 0.02721457531506437,
      "std": 0.006153066896923122
    }
  },
  "permutation": {
    "true_sharpe": 4.463660510544481,
    "p_value": 0.716,
    "perm_mean": 4.4636605105444795
  },
  "real_backtest": {
    "signals": 79,
    "win_rate": 0.6962025316455697,
    "avg_return": 0.015355448007172113,
    "sharpe": 1.7144456029963346,
    "max_dd": -31.7440384438121,
    "cagr": 126.62905445070672
  }
}